0.125,0.25,1.93856e+07,4402.9,9.95236e+07,9976.15,4.84124e+08,22002.8,6.03034e+08,24556.7
0.375,0.25,1.01922e+07,3192.52,1.25919e+08,11221.4,5.65186e+08,23773.6,7.01298e+08,26482
0.625,0.25,4.92934e+06,2220.21,7.40307e+07,8604.11,2.57561e+08,16048.7,3.36521e+08,18344.5
0.875,0.25,2.72282e+06,1650.1,4.30315e+07,6559.84,9.64967e+07,9823.27,1.42251e+08,11926.9
1.125,0.25,1.61953e+06,1272.61,2.69796e+07,5194.19,3.99596e+07,6321.36,6.85587e+07,8280.02
1.375,0.25,1.00752e+06,1003.75,1.81223e+07,4257.03,2.07696e+07,4557.36,3.98994e+07,6316.59
1.625,0.25,648195,805.106,1.27918e+07,3576.57,1.28136e+07,3579.61,2.62536e+07,5123.83
1.875,0.25,423592,650.839,9.34949e+06,3057.69,8.7164e+06,2952.35,1.84895e+07,4299.94
2.125,0.25,280057,529.204,7e+06,2645.75,6.2947e+06,2508.92,1.35748e+07,3684.39
2.375,0.25,184642,429.7,5.34962e+06,2312.92,4.718e+06,2172.1,1.02523e+07,3201.92
2.625,0.25,123701,351.712,4.1383e+06,2034.28,3.62757e+06,1904.62,7.88957e+06,2808.84
2.875,0.25,81056,284.703,3.23882e+06,1799.67,2.85138e+06,1688.6,6.17125e+06,2484.2
3.125,0.25,52551,229.24,2.5585e+06,1599.53,2.26505e+06,1505.01,4.8761e+06,2208.19
3.375,0.25,33882,184.071,2.02955e+06,1424.62,1.82481e+06,1350.86,3.88825e+06,1971.86
3.625,0.25,21108,145.286,1.62634e+06,1275.28,1.47386e+06,1214.03,3.12131e+06,1766.72
3.875,0.25,12736,112.854,1.30327e+06,1141.61,1.20235e+06,1096.52,2.51836e+06,1586.93
4.125,0.25,7631,87.3556,1.04804e+06,1023.74,984629,992.285,2.0403e+06,1428.39
4.375,0.25,4302,65.5896,845986,919.775,807768,898.759,1.65806e+06,1287.66
4.625,0.25,2331,48.2804,681822,825.725,664495,815.166,1.34865e+06,1161.31
4.875,0.25,1161,34.0735,551734,742.788,545201,738.377,1.0981e+06,1047.9
5.125,0.25,570,23.8747,444909,667.015,450413,671.128,895892,946.516
5.375,0.25,218,14.7648,358716,598.929,368419,606.975,727353,852.85
5.625,0.25,102,10.0995,290251,538.749,304050,551.407,594403,770.975
5.875,0.25,36,6,234002,483.738,249482,499.482,483520,695.356
6.125,0.25,13,3.60555,189175,434.943,203281,450.867,392469,626.473
6.375,0.25,1,1,153890,392.288,165789,407.172,319680,565.403
6.625,0.25,0,0,124511,352.861,135307,367.841,259818,509.723
6.875,0.25,0,0,101454,318.518,110984,333.143,212438,460.91
7.125,0.25,0,0,82565,287.341,89719,299.531,172284,415.071
7.375,0.25,0,0,67237,259.301,73220,270.592,140457,374.776
7.625,0.25,0,0,54858,234.218,60276,245.512,115134,339.314
7.875,0.25,0,0,45121,212.417,49273,221.975,94394,307.236
8.125,0.25,0,0,36775,191.768,40380,200.948,77155,277.768
8.375,0.25,0,0,30412,174.39,33436,182.855,63848,252.682
8.625,0.25,0,0,25548,159.837,27771,166.646,53319,230.909
8.875,0.25,0,0,20736,144,22843,151.139,43579,208.756
9.125,0.25,0,0,17666,132.914,18933,137.597,36599,191.309
9.375,0.25,0,0,14530,120.54,15866,125.96,30396,174.344
9.625,0.25,0,0,12157,110.259,13066,114.307,25223,158.818
9.875,0.25,0,0,10083,100.414,11113,105.418,21196,145.588
10.125,0.25,0,0,8416,91.7388,9318,96.5298,17734,133.169
10.375,0.25,0,0,7272,85.276,7754,88.0568,15026,122.581
10.625,0.25,0,0,6089,78.032,6459,80.3679,12548,112.018
10.875,0.25,0,0,5160,71.8331,5476,74,10636,103.131
11.125,0.25,0,0,4456,66.7533,4653,68.2129,9109,95.4411
11.375,0.25,0,0,3607,60.0583,3850,62.0484,7457,86.3539
11.625,0.25,0,0,3032,55.0636,3326,57.6715,6358,79.7371
11.875,0.25,0,0,2554,50.5371,2869,53.563,5423,73.641
12.125,0.25,0,0,2217,47.085,2405,49.0408,4622,67.9853
12.375,0.25,0,0,1778,42.1663,1980,44.4972,3758,61.3025
12.625,0.25,0,0,1511,38.8716,1804,42.4735,3315,57.576
12.875,0.25,0,0,1331,36.4829,1451,38.092,2782,52.7447
13.125,0.25,0,0,1066,32.6497,1195,34.5688,2261,47.55
13.375,0.25,0,0,923,30.3809,1100,33.1662,2023,44.9778
13.625,0.25,0,0,789,28.0891,901,30.0167,1690,41.1096
13.875,0.25,0,0,692,26.3059,771,27.7669,1463,38.2492
14.125,0.25,0,0,550,23.4521,646,25.4165,1196,34.5832
14.375,0.25,0,0,469,21.6564,560,23.6643,1029,32.078
14.625,0.25,0,0,426,20.6398,458,21.4009,884,29.7321
14.875,0.25,0,0,349,18.6815,405,20.1246,754,27.4591
15.125,0.25,0,0,292,17.088,343,18.5203,635,25.1992
15.375,0.25,0,0,248,15.748,271,16.4621,519,22.7816
15.625,0.25,0,0,227,15.0665,235,15.3297,462,21.4942
15.875,0.25,0,0,170,13.0384,198,14.0712,368,19.1833
16.125,0.25,0,0,158,12.5698,178,13.3417,336,18.3303
16.375,0.25,0,0,130,11.4018,155,12.4499,285,16.8819
16.625,0.25,0,0,107,10.3441,109,10.4403,216,14.6969
16.875,0.25,0,0,84,9.16515,91,9.53939,175,13.2288
17.125,0.25,0,0,54,7.34847,91,9.53939,145,12.0416
17.375,0.25,0,0,53,7.28011,62,7.87401,115,10.7238
17.625,0.25,0,0,64,8,54,7.34847,118,10.8628
17.875,0.25,0,0,46,6.78233,55,7.4162,101,10.0499
18.125,0.25,0,0,32,5.65685,39,6.245,71,8.42615
18.375,0.25,0,0,26,5.09902,57,7.54983,83,9.11043
18.625,0.25,0,0,27,5.19615,32,5.65685,59,7.68115
18.875,0.25,0,0,20,4.47214,17,4.12311,37,6.08276
19.125,0.25,0,0,25,5,19,4.3589,44,6.63325
19.375,0.25,0,0,9,3,19,4.3589,28,5.2915
19.625,0.25,0,0,10,3.16228,15,3.87298,25,5
19.875,0.25,0,0,13,3.60555,10,3.16228,23,4.79583
20.125,0.25,0,0,9,3,12,3.4641,21,4.58258
20.375,0.25,0,0,5,2.23607,6,2.44949,11,3.31662
20.625,0.25,0,0,5,2.23607,10,3.16228,15,3.87298
20.875,0.25,0,0,3,1.73205,12,3.4641,15,3.87298
21.125,0.25,0,0,4,2,3,1.73205,7,2.64575
21.375,0.25,0,0,3,1.73205,7,2.64575,10,3.16228
21.625,0.25,0,0,2,1.41421,6,2.44949,8,2.82843
21.875,0.25,0,0,0,0,1,1,1,1
22.125,0.25,0,0,2,1.41421,2,1.41421,4,2
22.375,0.25,0,0,1,1,2,1.41421,3,1.73205
22.625,0.25,0,0,2,1.41421,3,1.73205,5,2.23607
22.875,0.25,0,0,1,1,1,1,2,1.41421
23.125,0.25,0,0,1,1,3,1.73205,4,2
23.375,0.25,0,0,2,1.41421,1,1,3,1.73205
23.625,0.25,0,0,1,1,0,0,1,1
23.875,0.25,0,0,0,0,0,0,0,0
24.125,0.25,0,0,0,0,0,0,0,0
24.375,0.25,0,0,1,1,0,0,1,1
24.625,0.25,0,0,0,0,0,0,0,0
24.875,0.25,0,0,0,0,0,0,0,0
25.125,0.25,0,0,1,1,0,0,1,1
25.375,0.25,0,0,0,0,1,1,1,1
25.625,0.25,0,0,0,0,0,0,0,0
25.875,0.25,0,0,0,0,0,0,0,0
26.125,0.25,0,0,0,0,0,0,0,0
26.375,0.25,0,0,0,0,0,0,0,0
26.625,0.25,0,0,0,0,0,0,0,0
26.875,0.25,0,0,0,0,0,0,0,0
27.125,0.25,0,0,0,0,0,0,0,0
27.375,0.25,0,0,0,0,0,0,0,0
27.625,0.25,0,0,0,0,0,0,0,0
27.875,0.25,0,0,0,0,0,0,0,0
28.125,0.25,0,0,0,0,0,0,0,0
28.375,0.25,0,0,0,0,0,0,0,0
28.625,0.25,0,0,0,0,0,0,0,0
28.875,0.25,0,0,0,0,0,0,0,0
29.125,0.25,0,0,0,0,0,0,0,0
29.375,0.25,0,0,0,0,0,0,0,0
29.625,0.25,0,0,0,0,0,0,0,0
29.875,0.25,0,0,0,0,0,0,0,0
30.125,0.25,0,0,0,0,0,0,0,0
30.375,0.25,0,0,0,0,0,0,0,0
30.625,0.25,0,0,0,0,0,0,0,0
30.875,0.25,0,0,0,0,0,0,0,0
31.125,0.25,0,0,0,0,0,0,0,0
31.375,0.25,0,0,0,0,0,0,0,0
31.625,0.25,0,0,0,0,0,0,0,0
31.875,0.25,0,0,0,0,0,0,0,0
32.125,0.25,0,0,0,0,0,0,0,0
32.375,0.25,0,0,0,0,0,0,0,0
32.625,0.25,0,0,0,0,0,0,0,0
32.875,0.25,0,0,0,0,0,0,0,0
33.125,0.25,0,0,0,0,0,0,0,0
33.375,0.25,0,0,0,0,0,0,0,0
33.625,0.25,0,0,0,0,0,0,0,0
33.875,0.25,0,0,0,0,0,0,0,0
34.125,0.25,0,0,0,0,0,0,0,0
34.375,0.25,0,0,0,0,0,0,0,0
34.625,0.25,0,0,0,0,0,0,0,0
34.875,0.25,0,0,0,0,0,0,0,0
35.125,0.25,0,0,0,0,0,0,0,0
35.375,0.25,0,0,0,0,0,0,0,0
35.625,0.25,0,0,0,0,0,0,0,0
35.875,0.25,0,0,0,0,0,0,0,0
36.125,0.25,0,0,0,0,0,0,0,0
36.375,0.25,0,0,0,0,0,0,0,0
36.625,0.25,0,0,0,0,0,0,0,0
36.875,0.25,0,0,0,0,0,0,0,0
37.125,0.25,0,0,0,0,0,0,0,0
37.375,0.25,0,0,0,0,0,0,0,0
37.625,0.25,0,0,0,0,0,0,0,0
37.875,0.25,0,0,0,0,0,0,0,0
38.125,0.25,0,0,0,0,0,0,0,0
38.375,0.25,0,0,0,0,0,0,0,0
38.625,0.25,0,0,0,0,0,0,0,0
38.875,0.25,0,0,0,0,0,0,0,0
39.125,0.25,0,0,0,0,0,0,0,0
39.375,0.25,0,0,0,0,0,0,0,0
39.625,0.25,0,0,0,0,0,0,0,0
39.875,0.25,0,0,0,0,0,0,0,0
40.125,0.25,0,0,0,0,0,0,0,0
40.375,0.25,0,0,0,0,0,0,0,0
40.625,0.25,0,0,0,0,0,0,0,0
40.875,0.25,0,0,0,0,0,0,0,0
41.125,0.25,0,0,0,0,0,0,0,0
41.375,0.25,0,0,0,0,0,0,0,0
41.625,0.25,0,0,0,0,0,0,0,0
41.875,0.25,0,0,0,0,0,0,0,0
42.125,0.25,0,0,0,0,0,0,0,0
42.375,0.25,0,0,0,0,0,0,0,0
42.625,0.25,0,0,0,0,0,0,0,0
42.875,0.25,0,0,0,0,0,0,0,0
43.125,0.25,0,0,0,0,0,0,0,0
43.375,0.25,0,0,0,0,0,0,0,0
43.625,0.25,0,0,0,0,0,0,0,0
43.875,0.25,0,0,0,0,0,0,0,0
44.125,0.25,0,0,0,0,0,0,0,0
44.375,0.25,0,0,0,0,0,0,0,0
44.625,0.25,0,0,0,0,0,0,0,0
44.875,0.25,0,0,0,0,0,0,0,0
45.125,0.25,0,0,0,0,0,0,0,0
45.375,0.25,0,0,0,0,0,0,0,0
45.625,0.25,0,0,0,0,0,0,0,0
45.875,0.25,0,0,0,0,0,0,0,0
46.125,0.25,0,0,0,0,0,0,0,0
46.375,0.25,0,0,0,0,0,0,0,0
46.625,0.25,0,0,0,0,0,0,0,0
46.875,0.25,0,0,0,0,0,0,0,0
47.125,0.25,0,0,0,0,0,0,0,0
47.375,0.25,0,0,0,0,0,0,0,0
47.625,0.25,0,0,0,0,0,0,0,0
47.875,0.25,0,0,0,0,0,0,0,0
48.125,0.25,0,0,0,0,0,0,0,0
48.375,0.25,0,0,0,0,0,0,0,0
48.625,0.25,0,0,0,0,0,0,0,0
48.875,0.25,0,0,0,0,0,0,0,0
49.125,0.25,0,0,0,0,0,0,0,0
49.375,0.25,0,0,0,0,0,0,0,0
49.625,0.25,0,0,0,0,0,0,0,0
49.875,0.25,0,0,0,0,0,0,0,0
50.125,0.25,0,0,0,0,0,0,0,0
50.375,0.25,0,0,0,0,0,0,0,0
50.625,0.25,0,0,0,0,0,0,0,0
50.875,0.25,0,0,0,0,0,0,0,0
51.125,0.25,0,0,0,0,0,0,0,0
51.375,0.25,0,0,0,0,0,0,0,0
51.625,0.25,0,0,0,0,0,0,0,0
51.875,0.25,0,0,0,0,0,0,0,0
52.125,0.25,0,0,0,0,0,0,0,0
52.375,0.25,0,0,0,0,0,0,0,0
52.625,0.25,0,0,0,0,0,0,0,0
52.875,0.25,0,0,0,0,0,0,0,0
53.125,0.25,0,0,0,0,0,0,0,0
53.375,0.25,0,0,0,0,0,0,0,0
53.625,0.25,0,0,0,0,0,0,0,0
53.875,0.25,0,0,0,0,0,0,0,0
54.125,0.25,0,0,0,0,0,0,0,0
54.375,0.25,0,0,0,0,0,0,0,0
54.625,0.25,0,0,0,0,0,0,0,0
54.875,0.25,0,0,0,0,0,0,0,0
55.125,0.25,0,0,0,0,0,0,0,0
55.375,0.25,0,0,0,0,0,0,0,0
55.625,0.25,0,0,0,0,0,0,0,0
55.875,0.25,0,0,0,0,0,0,0,0
56.125,0.25,0,0,0,0,0,0,0,0
56.375,0.25,0,0,0,0,0,0,0,0
56.625,0.25,0,0,0,0,0,0,0,0
56.875,0.25,0,0,0,0,0,0,0,0
57.125,0.25,0,0,0,0,0,0,0,0
57.375,0.25,0,0,0,0,0,0,0,0
57.625,0.25,0,0,0,0,0,0,0,0
57.875,0.25,0,0,0,0,0,0,0,0
58.125,0.25,0,0,0,0,0,0,0,0
58.375,0.25,0,0,0,0,0,0,0,0
58.625,0.25,0,0,0,0,0,0,0,0
58.875,0.25,0,0,0,0,0,0,0,0
59.125,0.25,0,0,0,0,0,0,0,0
59.375,0.25,0,0,0,0,0,0,0,0
59.625,0.25,0,0,0,0,0,0,0,0
59.875,0.25,0,0,0,0,0,0,0,0
60.125,0.25,0,0,0,0,0,0,0,0
60.375,0.25,0,0,0,0,0,0,0,0
60.625,0.25,0,0,0,0,0,0,0,0
60.875,0.25,0,0,0,0,0,0,0,0
61.125,0.25,0,0,0,0,0,0,0,0
61.375,0.25,0,0,0,0,0,0,0,0
61.625,0.25,0,0,0,0,0,0,0,0
61.875,0.25,0,0,0,0,0,0,0,0
62.125,0.25,0,0,0,0,0,0,0,0
62.375,0.25,0,0,0,0,0,0,0,0
62.625,0.25,0,0,0,0,0,0,0,0
62.875,0.25,0,0,0,0,0,0,0,0
63.125,0.25,0,0,0,0,0,0,0,0
63.375,0.25,0,0,0,0,0,0,0,0
63.625,0.25,0,0,0,0,0,0,0,0
63.875,0.25,0,0,0,0,0,0,0,0
64.125,0.25,0,0,0,0,0,0,0,0
64.375,0.25,0,0,0,0,0,0,0,0
64.625,0.25,0,0,0,0,0,0,0,0
64.875,0.25,0,0,0,0,0,0,0,0
65.125,0.25,0,0,0,0,0,0,0,0
65.375,0.25,0,0,0,0,0,0,0,0
65.625,0.25,0,0,0,0,0,0,0,0
65.875,0.25,0,0,0,0,0,0,0,0
66.125,0.25,0,0,0,0,0,0,0,0
66.375,0.25,0,0,0,0,0,0,0,0
66.625,0.25,0,0,0,0,0,0,0,0
66.875,0.25,0,0,0,0,0,0,0,0
67.125,0.25,0,0,0,0,0,0,0,0
67.375,0.25,0,0,0,0,0,0,0,0
67.625,0.25,0,0,0,0,0,0,0,0
67.875,0.25,0,0,0,0,0,0,0,0
68.125,0.25,0,0,0,0,0,0,0,0
68.375,0.25,0,0,0,0,0,0,0,0
68.625,0.25,0,0,0,0,0,0,0,0
68.875,0.25,0,0,0,0,0,0,0,0
69.125,0.25,0,0,0,0,0,0,0,0
69.375,0.25,0,0,0,0,0,0,0,0
69.625,0.25,0,0,0,0,0,0,0,0
69.875,0.25,0,0,0,0,0,0,0,0
70.125,0.25,0,0,0,0,0,0,0,0
70.375,0.25,0,0,0,0,0,0,0,0
70.625,0.25,0,0,0,0,0,0,0,0
70.875,0.25,0,0,0,0,0,0,0,0
71.125,0.25,0,0,0,0,0,0,0,0
71.375,0.25,0,0,0,0,0,0,0,0
71.625,0.25,0,0,0,0,0,0,0,0
71.875,0.25,0,0,0,0,0,0,0,0
72.125,0.25,0,0,0,0,0,0,0,0
72.375,0.25,0,0,0,0,0,0,0,0
72.625,0.25,0,0,0,0,0,0,0,0
72.875,0.25,0,0,0,0,0,0,0,0
73.125,0.25,0,0,0,0,0,0,0,0
73.375,0.25,0,0,0,0,0,0,0,0
73.625,0.25,0,0,0,0,0,0,0,0
73.875,0.25,0,0,0,0,0,0,0,0
74.125,0.25,0,0,0,0,0,0,0,0
74.375,0.25,0,0,0,0,0,0,0,0
74.625,0.25,0,0,0,0,0,0,0,0
74.875,0.25,0,0,0,0,0,0,0,0
75.125,0.25,0,0,0,0,0,0,0,0
75.375,0.25,0,0,0,0,0,0,0,0
75.625,0.25,0,0,0,0,0,0,0,0
75.875,0.25,0,0,0,0,0,0,0,0
76.125,0.25,0,0,0,0,0,0,0,0
76.375,0.25,0,0,0,0,0,0,0,0
76.625,0.25,0,0,0,0,0,0,0,0
76.875,0.25,0,0,0,0,0,0,0,0
77.125,0.25,0,0,0,0,0,0,0,0
77.375,0.25,0,0,0,0,0,0,0,0
77.625,0.25,0,0,0,0,0,0,0,0
77.875,0.25,0,0,0,0,0,0,0,0
78.125,0.25,0,0,0,0,0,0,0,0
78.375,0.25,0,0,0,0,0,0,0,0
78.625,0.25,0,0,0,0,0,0,0,0
78.875,0.25,0,0,0,0,0,0,0,0
79.125,0.25,0,0,0,0,0,0,0,0
79.375,0.25,0,0,0,0,0,0,0,0
79.625,0.25,0,0,0,0,0,0,0,0
79.875,0.25,0,0,0,0,0,0,0,0
80.125,0.25,0,0,0,0,0,0,0,0
80.375,0.25,0,0,0,0,0,0,0,0
80.625,0.25,0,0,0,0,0,0,0,0
80.875,0.25,0,0,0,0,0,0,0,0
81.125,0.25,0,0,0,0,0,0,0,0
81.375,0.25,0,0,0,0,0,0,0,0
81.625,0.25,0,0,0,0,0,0,0,0
81.875,0.25,0,0,0,0,0,0,0,0
82.125,0.25,0,0,0,0,0,0,0,0
82.375,0.25,0,0,0,0,0,0,0,0
82.625,0.25,0,0,0,0,0,0,0,0
82.875,0.25,0,0,0,0,0,0,0,0
83.125,0.25,0,0,0,0,0,0,0,0
83.375,0.25,0,0,0,0,0,0,0,0
83.625,0.25,0,0,0,0,0,0,0,0
83.875,0.25,0,0,0,0,0,0,0,0
84.125,0.25,0,0,0,0,0,0,0,0
84.375,0.25,0,0,0,0,0,0,0,0
84.625,0.25,0,0,0,0,0,0,0,0
84.875,0.25,0,0,0,0,0,0,0,0
85.125,0.25,0,0,0,0,0,0,0,0
85.375,0.25,0,0,0,0,0,0,0,0
85.625,0.25,0,0,0,0,0,0,0,0
85.875,0.25,0,0,0,0,0,0,0,0
86.125,0.25,0,0,0,0,0,0,0,0
86.375,0.25,0,0,0,0,0,0,0,0
86.625,0.25,0,0,0,0,0,0,0,0
86.875,0.25,0,0,0,0,0,0,0,0
87.125,0.25,0,0,0,0,0,0,0,0
87.375,0.25,0,0,0,0,0,0,0,0
87.625,0.25,0,0,0,0,0,0,0,0
87.875,0.25,0,0,0,0,0,0,0,0
88.125,0.25,0,0,0,0,0,0,0,0
88.375,0.25,0,0,0,0,0,0,0,0
88.625,0.25,0,0,0,0,0,0,0,0
88.875,0.25,0,0,0,0,0,0,0,0
89.125,0.25,0,0,0,0,0,0,0,0
89.375,0.25,0,0,0,0,0,0,0,0
89.625,0.25,0,0,0,0,0,0,0,0
89.875,0.25,0,0,0,0,0,0,0,0
90.125,0.25,0,0,0,0,0,0,0,0
90.375,0.25,0,0,0,0,0,0,0,0
90.625,0.25,0,0,0,0,0,0,0,0
90.875,0.25,0,0,0,0,0,0,0,0
91.125,0.25,0,0,0,0,0,0,0,0
91.375,0.25,0,0,0,0,0,0,0,0
91.625,0.25,0,0,0,0,0,0,0,0
91.875,0.25,0,0,0,0,0,0,0,0
92.125,0.25,0,0,0,0,0,0,0,0
92.375,0.25,0,0,0,0,0,0,0,0
92.625,0.25,0,0,0,0,0,0,0,0
92.875,0.25,0,0,0,0,0,0,0,0
93.125,0.25,0,0,0,0,0,0,0,0
93.375,0.25,0,0,0,0,0,0,0,0
93.625,0.25,0,0,0,0,0,0,0,0
93.875,0.25,0,0,0,0,0,0,0,0
94.125,0.25,0,0,0,0,0,0,0,0
94.375,0.25,0,0,0,0,0,0,0,0
94.625,0.25,0,0,0,0,0,0,0,0
94.875,0.25,0,0,0,0,0,0,0,0
95.125,0.25,0,0,0,0,0,0,0,0
95.375,0.25,0,0,0,0,0,0,0,0
95.625,0.25,0,0,0,0,0,0,0,0
95.875,0.25,0,0,0,0,0,0,0,0
96.125,0.25,0,0,0,0,0,0,0,0
96.375,0.25,0,0,0,0,0,0,0,0
96.625,0.25,0,0,0,0,0,0,0,0
96.875,0.25,0,0,0,0,0,0,0,0
97.125,0.25,0,0,0,0,0,0,0,0
97.375,0.25,0,0,0,0,0,0,0,0
97.625,0.25,0,0,0,0,0,0,0,0
97.875,0.25,0,0,0,0,0,0,0,0
98.125,0.25,0,0,0,0,0,0,0,0
98.375,0.25,0,0,0,0,0,0,0,0
98.625,0.25,0,0,0,0,0,0,0,0
98.875,0.25,0,0,0,0,0,0,0,0
99.125,0.25,0,0,0,0,0,0,0,0
99.375,0.25,0,0,0,0,0,0,0,0
99.625,0.25,0,0,0,0,0,0,0,0
99.875,0.25,0,0,0,0,0,0,0,0
