0.125,0.25,6.17935e+07,7860.89,2.2925e+08,15141,6.40661e+08,25311.3,9.31705e+08,30523.8
0.375,0.25,3.89251e+07,6239,3.17656e+08,17822.9,7.46259e+08,27317.7,1.10284e+09,33209
0.625,0.25,2.07351e+07,4553.58,2.14106e+08,14632.4,3.99125e+08,19978.1,6.33966e+08,25178.7
0.875,0.25,1.20288e+07,3468.26,1.41433e+08,11892.6,1.9865e+08,14094.3,3.52112e+08,18764.6
1.125,0.25,7.33366e+06,2708.07,9.7354e+07,9866.81,1.11759e+08,10571.6,2.16447e+08,14712.1
1.375,0.25,4.61146e+06,2147.43,6.95539e+07,8339.9,7.22716e+07,8501.27,1.46437e+08,12101.1
1.625,0.25,2.96038e+06,1720.58,5.11038e+07,7148.7,5.09693e+07,7139.28,1.05033e+08,10248.6
1.875,0.25,1.91978e+06,1385.56,3.83406e+07,6191.98,3.77541e+07,6144.44,7.80145e+07,8832.58
2.125,0.25,1.25463e+06,1120.1,2.92092e+07,5404.55,2.88078e+07,5367.29,5.92716e+07,7698.81
2.375,0.25,821173,906.186,2.25426e+07,4747.91,2.24327e+07,4736.31,4.57965e+07,6767.31
2.625,0.25,537956,733.455,1.75822e+07,4193.11,1.77154e+07,4208.97,3.58355e+07,5986.28
2.875,0.25,348534,590.368,1.38039e+07,3715.36,1.41447e+07,3760.95,2.82972e+07,5319.51
3.125,0.25,225157,474.507,1.09156e+07,3303.88,1.13918e+07,3375.18,2.25326e+07,4746.85
3.375,0.25,141985,376.809,8.67224e+06,2944.87,9.22159e+06,3036.71,1.80358e+07,4246.86
3.625,0.25,88651,297.743,6.92511e+06,2631.56,7.50999e+06,2740.44,1.45237e+07,3811
3.875,0.25,53134,230.508,5.5438e+06,2354.53,6.13412e+06,2476.71,1.1731e+07,3425.06
4.125,0.25,31150,176.494,4.45092e+06,2109.72,5.02175e+06,2240.93,9.50382e+06,3082.83
4.375,0.25,17065,130.633,3.58227e+06,1892.69,4.12019e+06,2029.83,7.71953e+06,2778.4
4.625,0.25,9203,95.9323,2.88705e+06,1699.13,3.38782e+06,1840.6,6.28408e+06,2506.81
4.875,0.25,4637,68.0955,2.32781e+06,1525.72,2.78495e+06,1668.82,5.1174e+06,2262.17
5.125,0.25,2216,47.0744,1.87866e+06,1370.64,2.28919e+06,1513.01,4.17007e+06,2042.08
5.375,0.25,1007,31.7333,1.52172e+06,1233.58,1.88384e+06,1372.53,3.40657e+06,1845.69
5.625,0.25,443,21.0476,1.2315e+06,1109.73,1.54806e+06,1244.21,2.78e+06,1667.33
5.875,0.25,178,13.3417,996632,998.315,1.27192e+06,1127.79,2.26873e+06,1506.23
6.125,0.25,44,6.63325,808997,899.443,1.04192e+06,1020.75,1.85097e+06,1360.5
6.375,0.25,16,4,656920,810.506,854396,924.335,1.51133e+06,1229.36
6.625,0.25,3,1.73205,535440,731.738,699876,836.586,1.23532e+06,1111.45
6.875,0.25,1,1,436148,660.415,572907,756.906,1.00906e+06,1004.52
7.125,0.25,0,0,358251,598.541,469262,685.027,827513,909.677
7.375,0.25,0,0,294043,542.257,384973,620.462,679016,824.024
7.625,0.25,0,0,243253,493.207,316823,562.87,560076,748.382
7.875,0.25,0,0,200706,448.002,260546,510.437,461252,679.155
8.125,0.25,0,0,166209,407.687,215796,464.538,382005,618.066
8.375,0.25,0,0,137546,370.872,179260,423.391,316806,562.855
8.625,0.25,0,0,115852,340.37,148747,385.677,264599,514.392
8.875,0.25,0,0,96712,310.986,124286,352.542,220998,470.104
9.125,0.25,0,0,81182,284.925,103938,322.394,185120,430.256
9.375,0.25,0,0,68130,261.017,87154,295.219,155284,394.061
9.625,0.25,0,0,56966,238.676,73341,270.815,130307,360.981
9.875,0.25,0,0,47713,218.433,61136,247.257,108849,329.923
10.125,0.25,0,0,40585,201.457,51793,227.581,92378,303.937
10.375,0.25,0,0,34164,184.835,43641,208.904,77805,278.935
10.625,0.25,0,0,29205,170.895,36996,192.343,66201,257.296
10.875,0.25,0,0,24488,156.486,31449,177.339,55937,236.51
11.125,0.25,0,0,21051,145.09,26709,163.429,47760,218.541
11.375,0.25,0,0,17639,132.812,22496,149.987,40135,200.337
11.625,0.25,0,0,15227,123.398,19082,138.138,34309,185.227
11.875,0.25,0,0,12817,113.212,16314,127.726,29131,170.678
12.125,0.25,0,0,10942,104.604,14038,118.482,24980,158.051
12.375,0.25,0,0,9360,96.7471,11726,108.287,21086,145.21
12.625,0.25,0,0,7906,88.9157,10239,101.188,18145,134.703
12.875,0.25,0,0,6942,83.3187,8619,92.8386,15561,124.744
13.125,0.25,0,0,5823,76.3086,7381,85.9127,13204,114.909
13.375,0.25,0,0,5002,70.7248,6452,80.3243,11454,107.023
13.625,0.25,0,0,4217,64.9384,5418,73.6071,9635,98.158
13.875,0.25,0,0,3580,59.8331,4506,67.1267,8086,89.9222
14.125,0.25,0,0,3042,55.1543,4022,63.4192,7064,84.0476
14.375,0.25,0,0,2606,51.049,3360,57.9655,5966,77.2399
14.625,0.25,0,0,2268,47.6235,2943,54.2494,5211,72.1873
14.875,0.25,0,0,1950,44.1588,2372,48.7032,4322,65.7419
15.125,0.25,0,0,1647,40.5832,2102,45.8476,3749,61.2291
15.375,0.25,0,0,1439,37.9342,1712,41.3763,3151,56.1338
15.625,0.25,0,0,1195,34.5688,1483,38.5097,2678,51.7494
15.875,0.25,0,0,1029,32.078,1282,35.805,2311,48.0729
16.125,0.25,0,0,862,29.3598,1083,32.909,1945,44.1022
16.375,0.25,0,0,700,26.4575,1004,31.686,1704,41.2795
16.625,0.25,0,0,630,25.0998,781,27.9464,1411,37.5633
16.875,0.25,0,0,556,23.5797,675,25.9808,1231,35.0856
17.125,0.25,0,0,452,21.2603,624,24.98,1076,32.8024
17.375,0.25,0,0,357,18.8944,550,23.4521,907,30.1164
17.625,0.25,0,0,324,18,415,20.3715,739,27.1846
17.875,0.25,0,0,266,16.3095,365,19.105,631,25.1197
18.125,0.25,0,0,252,15.8745,295,17.1756,547,23.388
18.375,0.25,0,0,207,14.3875,277,16.6433,484,22
18.625,0.25,0,0,175,13.2288,214,14.6287,389,19.7231
18.875,0.25,0,0,128,11.3137,203,14.2478,331,18.1934
19.125,0.25,0,0,89,9.43398,171,13.0767,260,16.1245
19.375,0.25,0,0,96,9.79796,131,11.4455,227,15.0665
19.625,0.25,0,0,83,9.11043,118,10.8628,201,14.1774
19.875,0.25,0,0,56,7.48331,101,10.0499,157,12.53
20.125,0.25,0,0,47,6.85565,97,9.84886,144,12
20.375,0.25,0,0,42,6.48074,83,9.11043,125,11.1803
20.625,0.25,0,0,34,5.83095,61,7.81025,95,9.74679
20.875,0.25,0,0,27,5.19615,48,6.9282,75,8.66025
21.125,0.25,0,0,36,6,32,5.65685,68,8.24621
21.375,0.25,0,0,24,4.89898,31,5.56776,55,7.4162
21.625,0.25,0,0,12,3.4641,28,5.2915,40,6.32456
21.875,0.25,0,0,16,4,13,3.60555,29,5.38516
22.125,0.25,0,0,7,2.64575,12,3.4641,19,4.3589
22.375,0.25,0,0,1,1,16,4,17,4.12311
22.625,0.25,0,0,7,2.64575,13,3.60555,20,4.47214
22.875,0.25,0,0,3,1.73205,12,3.4641,15,3.87298
23.125,0.25,0,0,4,2,12,3.4641,16,4
23.375,0.25,0,0,5,2.23607,6,2.44949,11,3.31662
23.625,0.25,0,0,6,2.44949,5,2.23607,11,3.31662
23.875,0.25,0,0,1,1,6,2.44949,7,2.64575
24.125,0.25,0,0,1,1,1,1,2,1.41421
24.375,0.25,0,0,4,2,2,1.41421,6,2.44949
24.625,0.25,0,0,1,1,0,0,1,1
24.875,0.25,0,0,1,1,3,1.73205,4,2
25.125,0.25,0,0,0,0,3,1.73205,3,1.73205
25.375,0.25,0,0,1,1,0,0,1,1
25.625,0.25,0,0,0,0,0,0,0,0
25.875,0.25,0,0,1,1,0,0,1,1
26.125,0.25,0,0,1,1,0,0,1,1
26.375,0.25,0,0,0,0,0,0,0,0
26.625,0.25,0,0,0,0,1,1,1,1
26.875,0.25,0,0,1,1,0,0,1,1
27.125,0.25,0,0,0,0,0,0,0,0
27.375,0.25,0,0,0,0,0,0,0,0
27.625,0.25,0,0,0,0,0,0,0,0
27.875,0.25,0,0,0,0,0,0,0,0
28.125,0.25,0,0,0,0,0,0,0,0
28.375,0.25,0,0,0,0,0,0,0,0
28.625,0.25,0,0,0,0,0,0,0,0
28.875,0.25,0,0,0,0,0,0,0,0
29.125,0.25,0,0,0,0,0,0,0,0
29.375,0.25,0,0,0,0,0,0,0,0
29.625,0.25,0,0,0,0,0,0,0,0
29.875,0.25,0,0,0,0,0,0,0,0
30.125,0.25,0,0,0,0,0,0,0,0
30.375,0.25,0,0,0,0,0,0,0,0
30.625,0.25,0,0,0,0,0,0,0,0
30.875,0.25,0,0,0,0,0,0,0,0
31.125,0.25,0,0,0,0,0,0,0,0
31.375,0.25,0,0,0,0,0,0,0,0
31.625,0.25,0,0,0,0,0,0,0,0
31.875,0.25,0,0,0,0,0,0,0,0
32.125,0.25,0,0,0,0,0,0,0,0
32.375,0.25,0,0,0,0,0,0,0,0
32.625,0.25,0,0,0,0,0,0,0,0
32.875,0.25,0,0,0,0,0,0,0,0
33.125,0.25,0,0,0,0,0,0,0,0
33.375,0.25,0,0,0,0,0,0,0,0
33.625,0.25,0,0,0,0,0,0,0,0
33.875,0.25,0,0,0,0,0,0,0,0
34.125,0.25,0,0,0,0,0,0,0,0
34.375,0.25,0,0,0,0,0,0,0,0
34.625,0.25,0,0,0,0,0,0,0,0
34.875,0.25,0,0,0,0,0,0,0,0
35.125,0.25,0,0,0,0,0,0,0,0
35.375,0.25,0,0,0,0,0,0,0,0
35.625,0.25,0,0,0,0,0,0,0,0
35.875,0.25,0,0,0,0,0,0,0,0
36.125,0.25,0,0,0,0,0,0,0,0
36.375,0.25,0,0,0,0,0,0,0,0
36.625,0.25,0,0,0,0,0,0,0,0
36.875,0.25,0,0,0,0,0,0,0,0
37.125,0.25,0,0,0,0,0,0,0,0
37.375,0.25,0,0,0,0,0,0,0,0
37.625,0.25,0,0,0,0,0,0,0,0
37.875,0.25,0,0,0,0,0,0,0,0
38.125,0.25,0,0,0,0,0,0,0,0
38.375,0.25,0,0,0,0,0,0,0,0
38.625,0.25,0,0,0,0,0,0,0,0
38.875,0.25,0,0,0,0,0,0,0,0
39.125,0.25,0,0,0,0,0,0,0,0
39.375,0.25,0,0,0,0,0,0,0,0
39.625,0.25,0,0,0,0,0,0,0,0
39.875,0.25,0,0,0,0,0,0,0,0
40.125,0.25,0,0,0,0,0,0,0,0
40.375,0.25,0,0,0,0,0,0,0,0
40.625,0.25,0,0,0,0,0,0,0,0
40.875,0.25,0,0,0,0,0,0,0,0
41.125,0.25,0,0,0,0,0,0,0,0
41.375,0.25,0,0,0,0,0,0,0,0
41.625,0.25,0,0,0,0,0,0,0,0
41.875,0.25,0,0,0,0,0,0,0,0
42.125,0.25,0,0,0,0,0,0,0,0
42.375,0.25,0,0,0,0,0,0,0,0
42.625,0.25,0,0,0,0,0,0,0,0
42.875,0.25,0,0,0,0,0,0,0,0
43.125,0.25,0,0,0,0,0,0,0,0
43.375,0.25,0,0,0,0,0,0,0,0
43.625,0.25,0,0,0,0,0,0,0,0
43.875,0.25,0,0,0,0,0,0,0,0
44.125,0.25,0,0,0,0,0,0,0,0
44.375,0.25,0,0,0,0,0,0,0,0
44.625,0.25,0,0,0,0,0,0,0,0
44.875,0.25,0,0,0,0,0,0,0,0
45.125,0.25,0,0,0,0,0,0,0,0
45.375,0.25,0,0,0,0,0,0,0,0
45.625,0.25,0,0,0,0,0,0,0,0
45.875,0.25,0,0,0,0,0,0,0,0
46.125,0.25,0,0,0,0,0,0,0,0
46.375,0.25,0,0,0,0,0,0,0,0
46.625,0.25,0,0,0,0,0,0,0,0
46.875,0.25,0,0,0,0,0,0,0,0
47.125,0.25,0,0,0,0,0,0,0,0
47.375,0.25,0,0,0,0,0,0,0,0
47.625,0.25,0,0,0,0,0,0,0,0
47.875,0.25,0,0,0,0,0,0,0,0
48.125,0.25,0,0,0,0,0,0,0,0
48.375,0.25,0,0,0,0,0,0,0,0
48.625,0.25,0,0,0,0,0,0,0,0
48.875,0.25,0,0,0,0,0,0,0,0
49.125,0.25,0,0,0,0,0,0,0,0
49.375,0.25,0,0,0,0,0,0,0,0
49.625,0.25,0,0,0,0,0,0,0,0
49.875,0.25,0,0,0,0,0,0,0,0
50.125,0.25,0,0,0,0,0,0,0,0
50.375,0.25,0,0,0,0,0,0,0,0
50.625,0.25,0,0,0,0,0,0,0,0
50.875,0.25,0,0,0,0,0,0,0,0
51.125,0.25,0,0,0,0,0,0,0,0
51.375,0.25,0,0,0,0,0,0,0,0
51.625,0.25,0,0,0,0,0,0,0,0
51.875,0.25,0,0,0,0,0,0,0,0
52.125,0.25,0,0,0,0,0,0,0,0
52.375,0.25,0,0,0,0,0,0,0,0
52.625,0.25,0,0,0,0,0,0,0,0
52.875,0.25,0,0,0,0,0,0,0,0
53.125,0.25,0,0,0,0,0,0,0,0
53.375,0.25,0,0,0,0,0,0,0,0
53.625,0.25,0,0,0,0,0,0,0,0
53.875,0.25,0,0,0,0,0,0,0,0
54.125,0.25,0,0,0,0,0,0,0,0
54.375,0.25,0,0,0,0,0,0,0,0
54.625,0.25,0,0,0,0,0,0,0,0
54.875,0.25,0,0,0,0,0,0,0,0
55.125,0.25,0,0,0,0,0,0,0,0
55.375,0.25,0,0,0,0,0,0,0,0
55.625,0.25,0,0,0,0,0,0,0,0
55.875,0.25,0,0,0,0,0,0,0,0
56.125,0.25,0,0,0,0,0,0,0,0
56.375,0.25,0,0,0,0,0,0,0,0
56.625,0.25,0,0,0,0,0,0,0,0
56.875,0.25,0,0,0,0,0,0,0,0
57.125,0.25,0,0,0,0,0,0,0,0
57.375,0.25,0,0,0,0,0,0,0,0
57.625,0.25,0,0,0,0,0,0,0,0
57.875,0.25,0,0,0,0,0,0,0,0
58.125,0.25,0,0,0,0,0,0,0,0
58.375,0.25,0,0,0,0,0,0,0,0
58.625,0.25,0,0,0,0,0,0,0,0
58.875,0.25,0,0,0,0,0,0,0,0
59.125,0.25,0,0,0,0,0,0,0,0
59.375,0.25,0,0,0,0,0,0,0,0
59.625,0.25,0,0,0,0,0,0,0,0
59.875,0.25,0,0,0,0,0,0,0,0
60.125,0.25,0,0,0,0,0,0,0,0
60.375,0.25,0,0,0,0,0,0,0,0
60.625,0.25,0,0,0,0,0,0,0,0
60.875,0.25,0,0,0,0,0,0,0,0
61.125,0.25,0,0,0,0,0,0,0,0
61.375,0.25,0,0,0,0,0,0,0,0
61.625,0.25,0,0,0,0,0,0,0,0
61.875,0.25,0,0,0,0,0,0,0,0
62.125,0.25,0,0,0,0,0,0,0,0
62.375,0.25,0,0,0,0,0,0,0,0
62.625,0.25,0,0,0,0,0,0,0,0
62.875,0.25,0,0,0,0,0,0,0,0
63.125,0.25,0,0,0,0,0,0,0,0
63.375,0.25,0,0,0,0,0,0,0,0
63.625,0.25,0,0,0,0,0,0,0,0
63.875,0.25,0,0,0,0,0,0,0,0
64.125,0.25,0,0,0,0,0,0,0,0
64.375,0.25,0,0,0,0,0,0,0,0
64.625,0.25,0,0,0,0,0,0,0,0
64.875,0.25,0,0,0,0,0,0,0,0
65.125,0.25,0,0,0,0,0,0,0,0
65.375,0.25,0,0,0,0,0,0,0,0
65.625,0.25,0,0,0,0,0,0,0,0
65.875,0.25,0,0,0,0,0,0,0,0
66.125,0.25,0,0,0,0,0,0,0,0
66.375,0.25,0,0,0,0,0,0,0,0
66.625,0.25,0,0,0,0,0,0,0,0
66.875,0.25,0,0,0,0,0,0,0,0
67.125,0.25,0,0,0,0,0,0,0,0
67.375,0.25,0,0,0,0,0,0,0,0
67.625,0.25,0,0,0,0,0,0,0,0
67.875,0.25,0,0,0,0,0,0,0,0
68.125,0.25,0,0,0,0,0,0,0,0
68.375,0.25,0,0,0,0,0,0,0,0
68.625,0.25,0,0,0,0,0,0,0,0
68.875,0.25,0,0,0,0,0,0,0,0
69.125,0.25,0,0,0,0,0,0,0,0
69.375,0.25,0,0,0,0,0,0,0,0
69.625,0.25,0,0,0,0,0,0,0,0
69.875,0.25,0,0,0,0,0,0,0,0
70.125,0.25,0,0,0,0,0,0,0,0
70.375,0.25,0,0,0,0,0,0,0,0
70.625,0.25,0,0,0,0,0,0,0,0
70.875,0.25,0,0,0,0,0,0,0,0
71.125,0.25,0,0,0,0,0,0,0,0
71.375,0.25,0,0,0,0,0,0,0,0
71.625,0.25,0,0,0,0,0,0,0,0
71.875,0.25,0,0,0,0,0,0,0,0
72.125,0.25,0,0,0,0,0,0,0,0
72.375,0.25,0,0,0,0,0,0,0,0
72.625,0.25,0,0,0,0,0,0,0,0
72.875,0.25,0,0,0,0,0,0,0,0
73.125,0.25,0,0,0,0,0,0,0,0
73.375,0.25,0,0,0,0,0,0,0,0
73.625,0.25,0,0,0,0,0,0,0,0
73.875,0.25,0,0,0,0,0,0,0,0
74.125,0.25,0,0,0,0,0,0,0,0
74.375,0.25,0,0,0,0,0,0,0,0
74.625,0.25,0,0,0,0,0,0,0,0
74.875,0.25,0,0,0,0,0,0,0,0
75.125,0.25,0,0,0,0,0,0,0,0
75.375,0.25,0,0,0,0,0,0,0,0
75.625,0.25,0,0,0,0,0,0,0,0
75.875,0.25,0,0,0,0,0,0,0,0
76.125,0.25,0,0,0,0,0,0,0,0
76.375,0.25,0,0,0,0,0,0,0,0
76.625,0.25,0,0,0,0,0,0,0,0
76.875,0.25,0,0,0,0,0,0,0,0
77.125,0.25,0,0,0,0,0,0,0,0
77.375,0.25,0,0,0,0,0,0,0,0
77.625,0.25,0,0,0,0,0,0,0,0
77.875,0.25,0,0,0,0,0,0,0,0
78.125,0.25,0,0,0,0,0,0,0,0
78.375,0.25,0,0,0,0,0,0,0,0
78.625,0.25,0,0,0,0,0,0,0,0
78.875,0.25,0,0,0,0,0,0,0,0
79.125,0.25,0,0,0,0,0,0,0,0
79.375,0.25,0,0,0,0,0,0,0,0
79.625,0.25,0,0,0,0,0,0,0,0
79.875,0.25,0,0,0,0,0,0,0,0
80.125,0.25,0,0,0,0,0,0,0,0
80.375,0.25,0,0,0,0,0,0,0,0
80.625,0.25,0,0,0,0,0,0,0,0
80.875,0.25,0,0,0,0,0,0,0,0
81.125,0.25,0,0,0,0,0,0,0,0
81.375,0.25,0,0,0,0,0,0,0,0
81.625,0.25,0,0,0,0,0,0,0,0
81.875,0.25,0,0,0,0,0,0,0,0
82.125,0.25,0,0,0,0,0,0,0,0
82.375,0.25,0,0,0,0,0,0,0,0
82.625,0.25,0,0,0,0,0,0,0,0
82.875,0.25,0,0,0,0,0,0,0,0
83.125,0.25,0,0,0,0,0,0,0,0
83.375,0.25,0,0,0,0,0,0,0,0
83.625,0.25,0,0,0,0,0,0,0,0
83.875,0.25,0,0,0,0,0,0,0,0
84.125,0.25,0,0,0,0,0,0,0,0
84.375,0.25,0,0,0,0,0,0,0,0
84.625,0.25,0,0,0,0,0,0,0,0
84.875,0.25,0,0,0,0,0,0,0,0
85.125,0.25,0,0,0,0,0,0,0,0
85.375,0.25,0,0,0,0,0,0,0,0
85.625,0.25,0,0,0,0,0,0,0,0
85.875,0.25,0,0,0,0,0,0,0,0
86.125,0.25,0,0,0,0,0,0,0,0
86.375,0.25,0,0,0,0,0,0,0,0
86.625,0.25,0,0,0,0,0,0,0,0
86.875,0.25,0,0,0,0,0,0,0,0
87.125,0.25,0,0,0,0,0,0,0,0
87.375,0.25,0,0,0,0,0,0,0,0
87.625,0.25,0,0,0,0,0,0,0,0
87.875,0.25,0,0,0,0,0,0,0,0
88.125,0.25,0,0,0,0,0,0,0,0
88.375,0.25,0,0,0,0,0,0,0,0
88.625,0.25,0,0,0,0,0,0,0,0
88.875,0.25,0,0,0,0,0,0,0,0
89.125,0.25,0,0,0,0,0,0,0,0
89.375,0.25,0,0,0,0,0,0,0,0
89.625,0.25,0,0,0,0,0,0,0,0
89.875,0.25,0,0,0,0,0,0,0,0
90.125,0.25,0,0,0,0,0,0,0,0
90.375,0.25,0,0,0,0,0,0,0,0
90.625,0.25,0,0,0,0,0,0,0,0
90.875,0.25,0,0,0,0,0,0,0,0
91.125,0.25,0,0,0,0,0,0,0,0
91.375,0.25,0,0,0,0,0,0,0,0
91.625,0.25,0,0,0,0,0,0,0,0
91.875,0.25,0,0,0,0,0,0,0,0
92.125,0.25,0,0,0,0,0,0,0,0
92.375,0.25,0,0,0,0,0,0,0,0
92.625,0.25,0,0,0,0,0,0,0,0
92.875,0.25,0,0,0,0,0,0,0,0
93.125,0.25,0,0,0,0,0,0,0,0
93.375,0.25,0,0,0,0,0,0,0,0
93.625,0.25,0,0,0,0,0,0,0,0
93.875,0.25,0,0,0,0,0,0,0,0
94.125,0.25,0,0,0,0,0,0,0,0
94.375,0.25,0,0,0,0,0,0,0,0
94.625,0.25,0,0,0,0,0,0,0,0
94.875,0.25,0,0,0,0,0,0,0,0
95.125,0.25,0,0,0,0,0,0,0,0
95.375,0.25,0,0,0,0,0,0,0,0
95.625,0.25,0,0,0,0,0,0,0,0
95.875,0.25,0,0,0,0,0,0,0,0
96.125,0.25,0,0,0,0,0,0,0,0
96.375,0.25,0,0,0,0,0,0,0,0
96.625,0.25,0,0,0,0,0,0,0,0
96.875,0.25,0,0,0,0,0,0,0,0
97.125,0.25,0,0,0,0,0,0,0,0
97.375,0.25,0,0,0,0,0,0,0,0
97.625,0.25,0,0,0,0,0,0,0,0
97.875,0.25,0,0,0,0,0,0,0,0
98.125,0.25,0,0,0,0,0,0,0,0
98.375,0.25,0,0,0,0,0,0,0,0
98.625,0.25,0,0,0,0,0,0,0,0
98.875,0.25,0,0,0,0,0,0,0,0
99.125,0.25,0,0,0,0,0,0,0,0
99.375,0.25,0,0,0,0,0,0,0,0
99.625,0.25,0,0,0,0,0,0,0,0
99.875,0.25,0,0,0,0,0,0,0,0
