0.125,0.25,6.74581e+07,8213.29,3.21222e+08,17922.7,1.41477e+09,37613.5,1.80345e+09,42467.1
0.375,0.25,3.72573e+07,6103.88,4.1303e+08,20323.1,1.65666e+09,40702,2.10694e+09,45901.4
0.625,0.25,1.85543e+07,4307.47,2.48157e+08,15753,7.66652e+08,27688.5,1.03336e+09,32146
0.875,0.25,1.04124e+07,3226.83,1.47344e+08,12138.5,2.95031e+08,17176.5,4.52787e+08,21278.8
1.125,0.25,6.24991e+06,2499.98,9.39872e+07,9694.7,1.27359e+08,11285.4,2.27596e+08,15086.3
1.375,0.25,3.9058e+06,1976.31,6.39328e+07,7995.8,6.91396e+07,8315.03,1.36978e+08,11703.8
1.625,0.25,2.50993e+06,1584.28,4.55436e+07,6748.6,4.41901e+07,6647.56,9.22436e+07,9604.35
1.875,0.25,1.63911e+06,1280.28,3.34985e+07,5787.79,3.08426e+07,5553.61,6.59802e+07,8122.82
2.125,0.25,1.07957e+06,1039.03,2.52047e+07,5020.43,2.26677e+07,4761.06,4.89519e+07,6996.57
2.375,0.25,713882,844.915,1.92936e+07,4392.44,1.72249e+07,4150.28,3.72323e+07,6101.83
2.625,0.25,470291,685.778,1.49612e+07,3867.98,1.3389e+07,3659.1,2.88205e+07,5368.48
2.875,0.25,307650,554.662,1.17261e+07,3424.34,1.05886e+07,3254.01,2.26223e+07,4756.29
3.125,0.25,199769,446.955,9.26254e+06,3043.44,8.46352e+06,2909.21,1.79258e+07,4233.89
3.375,0.25,127257,356.731,7.36518e+06,2713.89,6.82224e+06,2611.94,1.43147e+07,3783.47
3.625,0.25,79167,281.366,5.87816e+06,2424.49,5.54557e+06,2354.9,1.15029e+07,3391.59
3.875,0.25,47688,218.376,4.70978e+06,2170.2,4.52872e+06,2128.08,9.28619e+06,3047.32
4.125,0.25,27784,166.685,3.78524e+06,1945.57,3.7058e+06,1925.05,7.51882e+06,2742.05
4.375,0.25,15641,125.064,3.0479e+06,1745.82,3.04164e+06,1744.03,6.10519e+06,2470.87
4.625,0.25,8261,90.89,2.4555e+06,1567,2.50435e+06,1582.52,4.96812e+06,2228.93
4.875,0.25,4213,64.9076,1.97699e+06,1406.05,2.05929e+06,1435.02,4.04049e+06,2010.1
5.125,0.25,1983,44.5309,1.59699e+06,1263.72,1.69597e+06,1302.29,3.29494e+06,1815.2
5.375,0.25,840,28.9828,1.29066e+06,1136.07,1.39234e+06,1179.97,2.68384e+06,1638.24
5.625,0.25,377,19.4165,1.04e+06,1019.8,1.14291e+06,1069.07,2.18328e+06,1477.59
5.875,0.25,121,11,840668,916.879,937206,968.094,1.778e+06,1333.41
6.125,0.25,46,6.78233,679227,824.152,767163,875.878,1.44644e+06,1202.68
6.375,0.25,13,3.60555,550132,741.709,625596,790.946,1.17574e+06,1084.32
6.625,0.25,1,1,446187,667.972,510304,714.356,956492,978.004
6.875,0.25,0,0,361871,601.557,417784,646.362,779655,882.981
7.125,0.25,0,0,295391,543.499,340027,583.118,635418,797.131
7.375,0.25,0,0,240581,490.491,278127,527.377,518708,720.214
7.625,0.25,0,0,197512,444.423,228172,477.674,425684,652.445
7.875,0.25,0,0,162736,403.406,186803,432.207,349539,591.218
8.125,0.25,0,0,133557,365.455,153626,391.952,287183,535.895
8.375,0.25,0,0,111084,333.293,127687,357.333,238771,488.642
8.625,0.25,0,0,91506,302.5,105282,324.472,196788,443.608
8.875,0.25,0,0,75835,275.382,87131,295.18,162966,403.69
9.125,0.25,0,0,63379,251.752,72439,269.145,135818,368.535
9.375,0.25,0,0,53550,231.409,60298,245.557,113848,337.414
9.625,0.25,0,0,44371,210.644,50282,224.236,94653,307.657
9.875,0.25,0,0,37432,193.474,42305,205.682,79737,282.377
10.125,0.25,0,0,31491,177.457,35936,189.568,67427,259.667
10.375,0.25,0,0,26306,162.191,29723,172.404,56029,236.704
10.625,0.25,0,0,22295,149.315,25193,158.723,47488,217.917
10.875,0.25,0,0,18435,135.776,21233,145.715,39668,199.168
11.125,0.25,0,0,15685,125.24,18065,134.406,33750,183.712
11.375,0.25,0,0,13483,116.116,15077,122.788,28560,168.997
11.625,0.25,0,0,11324,106.414,12978,113.921,24302,155.891
11.875,0.25,0,0,9570,97.8264,10780,103.827,20350,142.653
12.125,0.25,0,0,7978,89.3197,9230,96.0729,17208,131.179
12.375,0.25,0,0,6827,82.6257,7779,88.1986,14606,120.855
12.625,0.25,0,0,5725,75.6637,6417,80.1062,12142,110.191
12.875,0.25,0,0,4860,69.7137,5489,74.0878,10349,101.73
13.125,0.25,0,0,4087,63.9296,4938,70.2709,9025,95
13.375,0.25,0,0,3606,60.05,4085,63.914,7691,87.6983
13.625,0.25,0,0,3016,54.9181,3407,58.3695,6423,80.1436
13.875,0.25,0,0,2536,50.3587,2887,53.7308,5423,73.641
14.125,0.25,0,0,2066,45.4533,2512,50.1199,4578,67.6609
14.375,0.25,0,0,1847,42.9767,2096,45.7821,3943,62.7933
14.625,0.25,0,0,1552,39.3954,1791,42.3202,3343,57.8187
14.875,0.25,0,0,1326,36.4143,1624,40.2989,2950,54.3139
15.125,0.25,0,0,1116,33.4066,1243,35.2562,2359,48.5695
15.375,0.25,0,0,956,30.9192,1112,33.3467,2068,45.4753
15.625,0.25,0,0,769,27.7308,944,30.7246,1713,41.3884
15.875,0.25,0,0,690,26.2679,821,28.6531,1511,38.8716
16.125,0.25,0,0,542,23.2809,673,25.9422,1215,34.8569
16.375,0.25,0,0,465,21.5639,580,24.0832,1045,32.3265
16.625,0.25,0,0,409,20.2237,514,22.6716,923,30.3809
16.875,0.25,0,0,326,18.0555,437,20.9045,763,27.6225
17.125,0.25,0,0,282,16.7929,358,18.9209,640,25.2982
17.375,0.25,0,0,225,15,298,17.2627,523,22.8692
17.625,0.25,0,0,228,15.0997,286,16.9115,514,22.6716
17.875,0.25,0,0,171,13.0767,221,14.8661,392,19.799
18.125,0.25,0,0,139,11.7898,191,13.8203,330,18.1659
18.375,0.25,0,0,138,11.7473,144,12,282,16.7929
18.625,0.25,0,0,105,10.247,143,11.9583,248,15.748
18.875,0.25,0,0,87,9.32738,109,10.4403,196,14
19.125,0.25,0,0,71,8.42615,82,9.05539,153,12.3693
19.375,0.25,0,0,65,8.06226,72,8.48528,137,11.7047
19.625,0.25,0,0,48,6.9282,84,9.16515,132,11.4891
19.875,0.25,0,0,53,7.28011,71,8.42615,124,11.1355
20.125,0.25,0,0,30,5.47723,41,6.40312,71,8.42615
20.375,0.25,0,0,33,5.74456,35,5.91608,68,8.24621
20.625,0.25,0,0,21,4.58258,33,5.74456,54,7.34847
20.875,0.25,0,0,20,4.47214,28,5.2915,48,6.9282
21.125,0.25,0,0,18,4.24264,24,4.89898,42,6.48074
21.375,0.25,0,0,8,2.82843,15,3.87298,23,4.79583
21.625,0.25,0,0,11,3.31662,12,3.4641,23,4.79583
21.875,0.25,0,0,4,2,11,3.31662,15,3.87298
22.125,0.25,0,0,7,2.64575,14,3.74166,21,4.58258
22.375,0.25,0,0,6,2.44949,8,2.82843,14,3.74166
22.625,0.25,0,0,5,2.23607,7,2.64575,12,3.4641
22.875,0.25,0,0,6,2.44949,6,2.44949,12,3.4641
23.125,0.25,0,0,2,1.41421,7,2.64575,9,3
23.375,0.25,0,0,2,1.41421,1,1,3,1.73205
23.625,0.25,0,0,4,2,0,0,4,2
23.875,0.25,0,0,1,1,3,1.73205,4,2
24.125,0.25,0,0,1,1,2,1.41421,3,1.73205
24.375,0.25,0,0,1,1,2,1.41421,3,1.73205
24.625,0.25,0,0,2,1.41421,2,1.41421,4,2
24.875,0.25,0,0,0,0,1,1,1,1
25.125,0.25,0,0,0,0,0,0,0,0
25.375,0.25,0,0,0,0,0,0,0,0
25.625,0.25,0,0,0,0,1,1,1,1
25.875,0.25,0,0,0,0,0,0,0,0
26.125,0.25,0,0,0,0,0,0,0,0
26.375,0.25,0,0,0,0,0,0,0,0
26.625,0.25,0,0,0,0,0,0,0,0
26.875,0.25,0,0,0,0,0,0,0,0
27.125,0.25,0,0,0,0,0,0,0,0
27.375,0.25,0,0,0,0,0,0,0,0
27.625,0.25,0,0,1,1,0,0,1,1
27.875,0.25,0,0,0,0,0,0,0,0
28.125,0.25,0,0,0,0,0,0,0,0
28.375,0.25,0,0,0,0,0,0,0,0
28.625,0.25,0,0,0,0,0,0,0,0
28.875,0.25,0,0,0,0,0,0,0,0
29.125,0.25,0,0,0,0,0,0,0,0
29.375,0.25,0,0,0,0,0,0,0,0
29.625,0.25,0,0,0,0,0,0,0,0
29.875,0.25,0,0,0,0,0,0,0,0
30.125,0.25,0,0,0,0,0,0,0,0
30.375,0.25,0,0,0,0,0,0,0,0
30.625,0.25,0,0,0,0,0,0,0,0
30.875,0.25,0,0,0,0,0,0,0,0
31.125,0.25,0,0,0,0,0,0,0,0
31.375,0.25,0,0,0,0,0,0,0,0
31.625,0.25,0,0,0,0,0,0,0,0
31.875,0.25,0,0,0,0,0,0,0,0
32.125,0.25,0,0,0,0,0,0,0,0
32.375,0.25,0,0,0,0,0,0,0,0
32.625,0.25,0,0,0,0,0,0,0,0
32.875,0.25,0,0,0,0,0,0,0,0
33.125,0.25,0,0,0,0,0,0,0,0
33.375,0.25,0,0,0,0,0,0,0,0
33.625,0.25,0,0,0,0,0,0,0,0
33.875,0.25,0,0,0,0,0,0,0,0
34.125,0.25,0,0,0,0,0,0,0,0
34.375,0.25,0,0,0,0,0,0,0,0
34.625,0.25,0,0,0,0,0,0,0,0
34.875,0.25,0,0,0,0,0,0,0,0
35.125,0.25,0,0,0,0,0,0,0,0
35.375,0.25,0,0,0,0,0,0,0,0
35.625,0.25,0,0,0,0,0,0,0,0
35.875,0.25,0,0,0,0,0,0,0,0
36.125,0.25,0,0,0,0,0,0,0,0
36.375,0.25,0,0,0,0,0,0,0,0
36.625,0.25,0,0,0,0,0,0,0,0
36.875,0.25,0,0,0,0,0,0,0,0
37.125,0.25,0,0,0,0,0,0,0,0
37.375,0.25,0,0,0,0,0,0,0,0
37.625,0.25,0,0,0,0,0,0,0,0
37.875,0.25,0,0,0,0,0,0,0,0
38.125,0.25,0,0,0,0,0,0,0,0
38.375,0.25,0,0,0,0,0,0,0,0
38.625,0.25,0,0,0,0,0,0,0,0
38.875,0.25,0,0,0,0,0,0,0,0
39.125,0.25,0,0,0,0,0,0,0,0
39.375,0.25,0,0,0,0,0,0,0,0
39.625,0.25,0,0,0,0,0,0,0,0
39.875,0.25,0,0,0,0,0,0,0,0
40.125,0.25,0,0,0,0,0,0,0,0
40.375,0.25,0,0,0,0,0,0,0,0
40.625,0.25,0,0,0,0,0,0,0,0
40.875,0.25,0,0,0,0,0,0,0,0
41.125,0.25,0,0,0,0,0,0,0,0
41.375,0.25,0,0,0,0,0,0,0,0
41.625,0.25,0,0,0,0,0,0,0,0
41.875,0.25,0,0,0,0,0,0,0,0
42.125,0.25,0,0,0,0,0,0,0,0
42.375,0.25,0,0,0,0,0,0,0,0
42.625,0.25,0,0,0,0,0,0,0,0
42.875,0.25,0,0,0,0,0,0,0,0
43.125,0.25,0,0,0,0,0,0,0,0
43.375,0.25,0,0,0,0,0,0,0,0
43.625,0.25,0,0,0,0,0,0,0,0
43.875,0.25,0,0,0,0,0,0,0,0
44.125,0.25,0,0,0,0,0,0,0,0
44.375,0.25,0,0,0,0,0,0,0,0
44.625,0.25,0,0,0,0,0,0,0,0
44.875,0.25,0,0,0,0,0,0,0,0
45.125,0.25,0,0,0,0,0,0,0,0
45.375,0.25,0,0,0,0,0,0,0,0
45.625,0.25,0,0,0,0,0,0,0,0
45.875,0.25,0,0,0,0,0,0,0,0
46.125,0.25,0,0,0,0,0,0,0,0
46.375,0.25,0,0,0,0,0,0,0,0
46.625,0.25,0,0,0,0,0,0,0,0
46.875,0.25,0,0,0,0,0,0,0,0
47.125,0.25,0,0,0,0,0,0,0,0
47.375,0.25,0,0,0,0,0,0,0,0
47.625,0.25,0,0,0,0,0,0,0,0
47.875,0.25,0,0,0,0,0,0,0,0
48.125,0.25,0,0,0,0,0,0,0,0
48.375,0.25,0,0,0,0,0,0,0,0
48.625,0.25,0,0,0,0,0,0,0,0
48.875,0.25,0,0,0,0,0,0,0,0
49.125,0.25,0,0,0,0,0,0,0,0
49.375,0.25,0,0,0,0,0,0,0,0
49.625,0.25,0,0,0,0,0,0,0,0
49.875,0.25,0,0,0,0,0,0,0,0
50.125,0.25,0,0,0,0,0,0,0,0
50.375,0.25,0,0,0,0,0,0,0,0
50.625,0.25,0,0,0,0,0,0,0,0
50.875,0.25,0,0,0,0,0,0,0,0
51.125,0.25,0,0,0,0,0,0,0,0
51.375,0.25,0,0,0,0,0,0,0,0
51.625,0.25,0,0,0,0,0,0,0,0
51.875,0.25,0,0,0,0,0,0,0,0
52.125,0.25,0,0,0,0,0,0,0,0
52.375,0.25,0,0,0,0,0,0,0,0
52.625,0.25,0,0,0,0,0,0,0,0
52.875,0.25,0,0,0,0,0,0,0,0
53.125,0.25,0,0,0,0,0,0,0,0
53.375,0.25,0,0,0,0,0,0,0,0
53.625,0.25,0,0,0,0,0,0,0,0
53.875,0.25,0,0,0,0,0,0,0,0
54.125,0.25,0,0,0,0,0,0,0,0
54.375,0.25,0,0,0,0,0,0,0,0
54.625,0.25,0,0,0,0,0,0,0,0
54.875,0.25,0,0,0,0,0,0,0,0
55.125,0.25,0,0,0,0,0,0,0,0
55.375,0.25,0,0,0,0,0,0,0,0
55.625,0.25,0,0,0,0,0,0,0,0
55.875,0.25,0,0,0,0,0,0,0,0
56.125,0.25,0,0,0,0,0,0,0,0
56.375,0.25,0,0,0,0,0,0,0,0
56.625,0.25,0,0,0,0,0,0,0,0
56.875,0.25,0,0,0,0,0,0,0,0
57.125,0.25,0,0,0,0,0,0,0,0
57.375,0.25,0,0,0,0,0,0,0,0
57.625,0.25,0,0,0,0,0,0,0,0
57.875,0.25,0,0,0,0,0,0,0,0
58.125,0.25,0,0,0,0,0,0,0,0
58.375,0.25,0,0,0,0,0,0,0,0
58.625,0.25,0,0,0,0,0,0,0,0
58.875,0.25,0,0,0,0,0,0,0,0
59.125,0.25,0,0,0,0,0,0,0,0
59.375,0.25,0,0,0,0,0,0,0,0
59.625,0.25,0,0,0,0,0,0,0,0
59.875,0.25,0,0,0,0,0,0,0,0
60.125,0.25,0,0,0,0,0,0,0,0
60.375,0.25,0,0,0,0,0,0,0,0
60.625,0.25,0,0,0,0,0,0,0,0
60.875,0.25,0,0,0,0,0,0,0,0
61.125,0.25,0,0,0,0,0,0,0,0
61.375,0.25,0,0,0,0,0,0,0,0
61.625,0.25,0,0,0,0,0,0,0,0
61.875,0.25,0,0,0,0,0,0,0,0
62.125,0.25,0,0,0,0,0,0,0,0
62.375,0.25,0,0,0,0,0,0,0,0
62.625,0.25,0,0,0,0,0,0,0,0
62.875,0.25,0,0,0,0,0,0,0,0
63.125,0.25,0,0,0,0,0,0,0,0
63.375,0.25,0,0,0,0,0,0,0,0
63.625,0.25,0,0,0,0,0,0,0,0
63.875,0.25,0,0,0,0,0,0,0,0
64.125,0.25,0,0,0,0,0,0,0,0
64.375,0.25,0,0,0,0,0,0,0,0
64.625,0.25,0,0,0,0,0,0,0,0
64.875,0.25,0,0,0,0,0,0,0,0
65.125,0.25,0,0,0,0,0,0,0,0
65.375,0.25,0,0,0,0,0,0,0,0
65.625,0.25,0,0,0,0,0,0,0,0
65.875,0.25,0,0,0,0,0,0,0,0
66.125,0.25,0,0,0,0,0,0,0,0
66.375,0.25,0,0,0,0,0,0,0,0
66.625,0.25,0,0,0,0,0,0,0,0
66.875,0.25,0,0,0,0,0,0,0,0
67.125,0.25,0,0,0,0,0,0,0,0
67.375,0.25,0,0,0,0,0,0,0,0
67.625,0.25,0,0,0,0,0,0,0,0
67.875,0.25,0,0,0,0,0,0,0,0
68.125,0.25,0,0,0,0,0,0,0,0
68.375,0.25,0,0,0,0,0,0,0,0
68.625,0.25,0,0,0,0,0,0,0,0
68.875,0.25,0,0,0,0,0,0,0,0
69.125,0.25,0,0,0,0,0,0,0,0
69.375,0.25,0,0,0,0,0,0,0,0
69.625,0.25,0,0,0,0,0,0,0,0
69.875,0.25,0,0,0,0,0,0,0,0
70.125,0.25,0,0,0,0,0,0,0,0
70.375,0.25,0,0,0,0,0,0,0,0
70.625,0.25,0,0,0,0,0,0,0,0
70.875,0.25,0,0,0,0,0,0,0,0
71.125,0.25,0,0,0,0,0,0,0,0
71.375,0.25,0,0,0,0,0,0,0,0
71.625,0.25,0,0,0,0,0,0,0,0
71.875,0.25,0,0,0,0,0,0,0,0
72.125,0.25,0,0,0,0,0,0,0,0
72.375,0.25,0,0,0,0,0,0,0,0
72.625,0.25,0,0,0,0,0,0,0,0
72.875,0.25,0,0,0,0,0,0,0,0
73.125,0.25,0,0,0,0,0,0,0,0
73.375,0.25,0,0,0,0,0,0,0,0
73.625,0.25,0,0,0,0,0,0,0,0
73.875,0.25,0,0,0,0,0,0,0,0
74.125,0.25,0,0,0,0,0,0,0,0
74.375,0.25,0,0,0,0,0,0,0,0
74.625,0.25,0,0,0,0,0,0,0,0
74.875,0.25,0,0,0,0,0,0,0,0
75.125,0.25,0,0,0,0,0,0,0,0
75.375,0.25,0,0,0,0,0,0,0,0
75.625,0.25,0,0,0,0,0,0,0,0
75.875,0.25,0,0,0,0,0,0,0,0
76.125,0.25,0,0,0,0,0,0,0,0
76.375,0.25,0,0,0,0,0,0,0,0
76.625,0.25,0,0,0,0,0,0,0,0
76.875,0.25,0,0,0,0,0,0,0,0
77.125,0.25,0,0,0,0,0,0,0,0
77.375,0.25,0,0,0,0,0,0,0,0
77.625,0.25,0,0,0,0,0,0,0,0
77.875,0.25,0,0,0,0,0,0,0,0
78.125,0.25,0,0,0,0,0,0,0,0
78.375,0.25,0,0,0,0,0,0,0,0
78.625,0.25,0,0,0,0,0,0,0,0
78.875,0.25,0,0,0,0,0,0,0,0
79.125,0.25,0,0,0,0,0,0,0,0
79.375,0.25,0,0,0,0,0,0,0,0
79.625,0.25,0,0,0,0,0,0,0,0
79.875,0.25,0,0,0,0,0,0,0,0
80.125,0.25,0,0,0,0,0,0,0,0
80.375,0.25,0,0,0,0,0,0,0,0
80.625,0.25,0,0,0,0,0,0,0,0
80.875,0.25,0,0,0,0,0,0,0,0
81.125,0.25,0,0,0,0,0,0,0,0
81.375,0.25,0,0,0,0,0,0,0,0
81.625,0.25,0,0,0,0,0,0,0,0
81.875,0.25,0,0,0,0,0,0,0,0
82.125,0.25,0,0,0,0,0,0,0,0
82.375,0.25,0,0,0,0,0,0,0,0
82.625,0.25,0,0,0,0,0,0,0,0
82.875,0.25,0,0,0,0,0,0,0,0
83.125,0.25,0,0,0,0,0,0,0,0
83.375,0.25,0,0,0,0,0,0,0,0
83.625,0.25,0,0,0,0,0,0,0,0
83.875,0.25,0,0,0,0,0,0,0,0
84.125,0.25,0,0,0,0,0,0,0,0
84.375,0.25,0,0,0,0,0,0,0,0
84.625,0.25,0,0,0,0,0,0,0,0
84.875,0.25,0,0,0,0,0,0,0,0
85.125,0.25,0,0,0,0,0,0,0,0
85.375,0.25,0,0,0,0,0,0,0,0
85.625,0.25,0,0,0,0,0,0,0,0
85.875,0.25,0,0,0,0,0,0,0,0
86.125,0.25,0,0,0,0,0,0,0,0
86.375,0.25,0,0,0,0,0,0,0,0
86.625,0.25,0,0,0,0,0,0,0,0
86.875,0.25,0,0,0,0,0,0,0,0
87.125,0.25,0,0,0,0,0,0,0,0
87.375,0.25,0,0,0,0,0,0,0,0
87.625,0.25,0,0,0,0,0,0,0,0
87.875,0.25,0,0,0,0,0,0,0,0
88.125,0.25,0,0,0,0,0,0,0,0
88.375,0.25,0,0,0,0,0,0,0,0
88.625,0.25,0,0,0,0,0,0,0,0
88.875,0.25,0,0,0,0,0,0,0,0
89.125,0.25,0,0,0,0,0,0,0,0
89.375,0.25,0,0,0,0,0,0,0,0
89.625,0.25,0,0,0,0,0,0,0,0
89.875,0.25,0,0,0,0,0,0,0,0
90.125,0.25,0,0,0,0,0,0,0,0
90.375,0.25,0,0,0,0,0,0,0,0
90.625,0.25,0,0,0,0,0,0,0,0
90.875,0.25,0,0,0,0,0,0,0,0
91.125,0.25,0,0,0,0,0,0,0,0
91.375,0.25,0,0,0,0,0,0,0,0
91.625,0.25,0,0,0,0,0,0,0,0
91.875,0.25,0,0,0,0,0,0,0,0
92.125,0.25,0,0,0,0,0,0,0,0
92.375,0.25,0,0,0,0,0,0,0,0
92.625,0.25,0,0,0,0,0,0,0,0
92.875,0.25,0,0,0,0,0,0,0,0
93.125,0.25,0,0,0,0,0,0,0,0
93.375,0.25,0,0,0,0,0,0,0,0
93.625,0.25,0,0,0,0,0,0,0,0
93.875,0.25,0,0,0,0,0,0,0,0
94.125,0.25,0,0,0,0,0,0,0,0
94.375,0.25,0,0,0,0,0,0,0,0
94.625,0.25,0,0,0,0,0,0,0,0
94.875,0.25,0,0,0,0,0,0,0,0
95.125,0.25,0,0,0,0,0,0,0,0
95.375,0.25,0,0,0,0,0,0,0,0
95.625,0.25,0,0,0,0,0,0,0,0
95.875,0.25,0,0,0,0,0,0,0,0
96.125,0.25,0,0,0,0,0,0,0,0
96.375,0.25,0,0,0,0,0,0,0,0
96.625,0.25,0,0,0,0,0,0,0,0
96.875,0.25,0,0,0,0,0,0,0,0
97.125,0.25,0,0,0,0,0,0,0,0
97.375,0.25,0,0,0,0,0,0,0,0
97.625,0.25,0,0,0,0,0,0,0,0
97.875,0.25,0,0,0,0,0,0,0,0
98.125,0.25,0,0,0,0,0,0,0,0
98.375,0.25,0,0,0,0,0,0,0,0
98.625,0.25,0,0,0,0,0,0,0,0
98.875,0.25,0,0,0,0,0,0,0,0
99.125,0.25,0,0,0,0,0,0,0,0
99.375,0.25,0,0,0,0,0,0,0,0
99.625,0.25,0,0,0,0,0,0,0,0
99.875,0.25,0,0,0,0,0,0,0,0
